Id,BIRTHDATE,DEATHDATE,SSN,DRIVERS,PASSPORT,PREFIX,FIRST,MIDDLE,LAST,SUFFIX,MAIDEN,MARITAL,RACE,ETHNICITY,GENDER,BIRTHPLACE,ADDRESS,CITY,STATE,COUNTY,FIPS,ZIP,LAT,LON,HEALTHCARE_EXPENSES,HEALTHCARE_COVERAGE,INCOME
8717d195-df0d-d6a7-112f-b7a313edb9d1,1988-05-29,,999-44-9889,S99927634,X63052060X,Mr.,Moshe758,Marcus77,Beahan375,,,M,white,nonhispanic,M,Boston  Massachusetts  US,647 Windler Throughway Apt 91,Billerica,Massachusetts,Middlesex County,,0,42.56705311422763,-71.28473172788112,8167.8,110495.32,14403
46ddaa61-92e6-fafd-d299-1de540000e87,1953-08-03,,999-36-6971,S99933038,X78541345X,Ms.,Sabine292,Corie618,Schmidt332,,,S,black,nonhispanic,F,Marlborough  Massachusetts  US,1017 Kovacek Extension Apt 39,Newbury,Massachusetts,Essex County,,0,42.74698815068949,-70.85840243977145,682934.9,446524.74,50806
c463a0df-1fc9-1b3d-e758-59fb18164979,1967-01-04,,999-11-6165,S99946644,X29311505X,Ms.,Nannie905,,Labadie908,,,S,white,nonhispanic,F,Lyon  Auvergne-Rhone-Alpes  FR,1076 Shanahan Frontage road,Boston,Massachusetts,Suffolk County,25025,2111,42.332155626097546,-71.16862992578186,18337.65,772370.17,4581
3565a695-617e-8c44-8e0f-bb22f3675c22,1981-07-19,,999-60-6195,S99922705,X88752331X,Mr.,Andres25,Darrell400,Davis923,,,S,white,nonhispanic,M,Leominster  Massachusetts  US,639 Wunsch Bypass Apt 23,Everett,Massachusetts,Middlesex County,25017,2149,42.4182673943854,-71.00473612458813,91035.21,32154.74,77294
52c1c18f-cd10-70fe-d05e-72eccd3fafbb,1973-09-17,,999-37-4437,S99997637,X29747847X,Ms.,Veda284,Else33,Zulauf375,,,S,hawaiian,nonhispanic,F,New Bedford  Massachusetts  US,867 Zboncak Glen Unit 93,Springfield,Massachusetts,Hampden County,25013,1199,42.138154737590774,-72.44917452363761,276532.04,1141390.84,32397
2c1db13c-2381-8f7a-7050-a31486c1f63e,1987-10-04,,999-49-7364,S99942302,X4589874X,Mrs.,Dotty422,Laverne101,Gleason633,,Dibbert990,W,black,nonhispanic,F,Oxford  Massachusetts  US,448 Auer Stravenue Unit 90,Plainville,Massachusetts,Norfolk County,,0,42.02564243478276,-71.34306890800264,721893.77,116268.59,104112
e6c694e0-bab4-850b-0998-be7b877b9de0,1947-11-14,2024-02-23,999-89-5846,S99939766,X42440086X,Mr.,Douglas31,Myron933,Gorczany269,,,M,white,nonhispanic,M,Natick  Massachusetts  US,733 Stroman Avenue,Pittsfield,Massachusetts,Berkshire County,25003,1201,42.43062135580495,-73.3149439914979,64250.51,1180133.64,16208
c617d10c-49a0-ace6-7412-d3d66b463276,1976-11-01,,999-43-1343,S99989403,X12799311X,Mrs.,Jewell855,Carline928,Stehr398,,Brakus656,M,white,nonhispanic,F,Norwood  Massachusetts  US,964 Hyatt Union,Waltham,Massachusetts,Middlesex County,25017,2453,42.423057093012936,-71.17589333134575,104417.43,1271790.65,23675
aad212bf-c5e8-dd90-b65a-3c96b99a9dc7,1963-12-22,,999-29-1023,S99919988,X18501049X,Mrs.,Yajaira121,Ladawn167,Kulas532,,Schmidt332,M,white,nonhispanic,F,Toulouse  Occitanie  FR,812 McCullough Run Apt 39,Boston,Massachusetts,Suffolk County,25025,2215,42.33885965282957,-71.10602819603358,742597.79,660579.58,44947
61adec15-72e6-8c0b-c4b1-4602457e84a4,1989-03-11,,999-87-5893,S99971353,X63288526X,Mrs.,Jene106,Heidi513,Conroy74,,Kohler843,M,white,nonhispanic,F,Wayland  Massachusetts  US,482 Wehner Annex Suite 85,Oxford,Massachusetts,Worcester County,25027,1540,42.06798918426329,-71.8372302911402,280761.58,658387.0,134726
8a2855fc-45fe-d48a-fd29-2c629276ac42,1944-01-27,,999-63-5875,S99938312,X39717593X,Mr.,Earle679,Melvin857,Swift555,,,M,black,hispanic,M,Norwell  Massachusetts  US,362 White Boulevard,Attleboro,Massachusetts,Bristol County,25005,2703,41.84472562850063,-71.36704980599038,41624.84,1103024.14,11943
db1f2eb0-5fe7-5414-ba13-efd59abc409a,1998-06-05,,999-68-9704,S99913614,X78337921X,Mr.,Joshua658,Kurt412,Monahan736,,,,black,nonhispanic,M,Westford  Massachusetts  US,367 Pollich Rue Apt 95,Agawam,Massachusetts,Hampden County,25013,1001,42.06290385303985,-72.6715821775903,40031.57,15306.86,93701
3244518f-917e-2f27-bda3-fb8e382c40b7,1973-08-07,,999-98-5281,S99943763,X1135910X,Mrs.,Gregory545,,Muller251,,Schumm995,M,white,nonhispanic,F,Boston  Massachusetts  US,167 Bernier Promenade,Beverly,Massachusetts,Essex County,25009,1915,42.592865640890466,-70.84958249257552,18220.66,955299.37,5765
9fd7df29-e67e-d0d5-f8b8-d01026516294,1995-03-23,,999-18-5390,S99970012,X62135876X,Mrs.,Mabelle762,,Kuhic920,,Olson653,M,white,nonhispanic,F,Natick  Massachusetts  US,591 Buckridge Course Suite 48,Newton,Massachusetts,Middlesex County,25017,2467,42.296600306186726,-71.12431484416375,102706.96,437906.51,230658
5811ff0f-207d-f81b-f6ae-b7801910a639,1981-02-05,,999-90-1524,S99947393,X6649514X,Ms.,Marjory382,Mickie472,Jerde200,,,S,white,nonhispanic,F,Boston  Massachusetts  US,350 Hand Flat,Pittsfield,Massachusetts,Berkshire County,25003,1201,42.479141924655316,-73.28697871386642,196045.49,678009.0,59356
d413c4b0-73c3-437c-43a3-eaa6a63039d7,1971-03-04,,999-57-3499,S99910130,X80299358X,Mrs.,Rhoda854,Deneen201,Yost751,,Kunde533,W,white,nonhispanic,F,Methuen  Massachusetts  US,545 Stiedemann Grove,Medfield,Massachusetts,Norfolk County,25021,2052,42.14002160681037,-71.3162015926933,347860.39,578602.33,846342
633e4e61-511b-b195-b6b6-b25bf7818df4,1946-06-03,,999-57-5513,S99910766,X45507563X,Ms.,India495,Dallas143,Borer986,,,S,white,nonhispanic,F,Boston  Massachusetts  US,769 O'Kon Parade,Taunton,Massachusetts,Bristol County,25005,2718,41.8622305425058,-71.04448785372264,299897.85,159499.98,105983
c7bd12e3-982e-addb-6680-fed470595267,1987-04-14,,999-74-6212,S99931057,X59092744X,Mrs.,Joann92,Gricelda41,Doyle959,,Cummings51,D,white,nonhispanic,F,Millbury  Massachusetts  US,559 Cummings Landing Apt 41,Southborough,Massachusetts,Worcester County,,0,42.282366987572864,-71.51352394705387,145115.64,952299.06,782777
1591df31-3738-deed-d2a1-781c0cb51569,1961-11-18,,999-53-6180,S99940684,X11802383X,Mr.,Sal878,Dane516,Kutch271,,,S,white,nonhispanic,M,Plymouth  Massachusetts  US,829 Walker Harbor Suite 82,Rockland,Massachusetts,Plymouth County,,0,42.110298656010556,-70.92128842836605,155338.75,13706.77,28646
22e051fa-c568-caf9-8897-88af59d952c7,1975-02-24,,999-75-2655,S99920631,X10214745X,Mrs.,Kenyatta61,Dorotha379,Von197,,West559,M,white,nonhispanic,F,Somerville  Massachusetts  US,271 Little Bypass Apt 43,Boston,Massachusetts,Suffolk County,25025,2131,42.28097405473024,-71.13118680502295,376343.87,0.0,94089
505b8aa7-7d6f-dca8-062f-5f91096768d9,1938-11-27,2020-12-20,999-36-3457,S99942384,X3098443X,Mrs.,Noelia656,Rosio404,Pouros728,,Hamill307,M,asian,nonhispanic,F,Fall River  Massachusetts  US,1062 Huels Brook,Cambridge,Massachusetts,Middlesex County,25017,2472,42.407905970868754,-71.18438748699928,303364.15,1100766.69,954577
467b2989-c497-534f-1805-ec8d2b8c2e2c,1978-04-02,,999-34-1034,S99921341,X37946436X,Ms.,Glady857,Lakiesha286,Jacobson885,,,S,white,nonhispanic,F,New Bedford  Massachusetts  US,841 Schroeder Run,Framingham,Massachusetts,Middlesex County,25017,1702,42.325788015653615,-71.42441086159191,436890.55,857523.11,47430
3bbb0599-6e64-1e1a-d04c-191fd3110003,1973-11-24,,999-76-9165,S99934327,X27563015X,Mr.,Norberto865,,Kuphal363,,,M,white,nonhispanic,M,Boston  Massachusetts  US,174 Casper Run,Amherst,Massachusetts,Hampshire County,,0,42.34132690898446,-72.54603289692467,12387.19,728920.07,3583
5102f88c-1f30-d11c-b3aa-1629bad96acd,1941-11-30,1996-11-27,999-87-1263,S99968694,X12359130X,Mrs.,Emelina469,Sanora914,Heathcote539,,Zulauf375,M,white,nonhispanic,F,Boston  Massachusetts  US,755 Volkman Tunnel Unit 28,Quincy,Massachusetts,Norfolk County,25021,2170,42.28574817166897,-71.10368878015834,16236.27,985953.12,16997
2d6f4b0d-723d-fb95-2db5-05cf454f5483,1952-06-19,2000-11-26,999-62-7195,S99993241,X76176638X,Mrs.,Jacelyn576,Nelda514,Schneider199,,Purdy2,W,black,nonhispanic,F,Georgetown  Massachusetts  US,824 Lemke Viaduct,Boston,Massachusetts,Suffolk County,25025,2109,42.293051329659704,-71.10897630845113,886498.54,479674.03,40221
a533cecb-54a9-32ba-0d5a-7c48728a5537,1993-03-09,,999-19-7975,S99948181,X37367125X,Ms.,Lien262,Sanjuana985,Bartoletti50,,,S,white,nonhispanic,F,Medway  Massachusetts  US,613 Gibson Course,New Bedford,Massachusetts,Bristol County,25005,2745,41.69141328901578,-70.89744262954491,120783.19,320129.48,27122
fca21afa-b9ca-26d4-5ae4-41d70fe0655c,1941-11-30,,999-60-2110,S99913868,X60832714X,Mrs.,Marhta321,Gaylene599,Kuhlman484,,Corwin846,M,white,nonhispanic,F,Winchester  Massachusetts  US,629 Cassin Extension,Quincy,Massachusetts,Norfolk County,25021,2169,42.22316619774447,-71.00660461587854,20915.54,803829.62,16997
85a6db69-d888-d137-7d93-35b8708dfbba,1972-10-22,,999-33-4845,S99948305,X64941065X,Mrs.,Wendie72,Darcy899,Dooley940,,Eichmann909,D,white,nonhispanic,F,Bellingham  Massachusetts  US,208 Metz Plaza Apt 55,Mansfield,Massachusetts,Bristol County,,0,41.993083831726466,-71.21527057071089,14614.42,777488.75,18107
a61a3345-ac8e-435c-8581-cdaf0da86fb4,1952-07-16,,999-79-4605,S99916223,X14625168X,Mrs.,Isabell86,Blossom971,Williamson769,,Mraz590,W,white,nonhispanic,F,Shrewsbury  Massachusetts  US,328 Senger Parade Suite 79,Boston,Massachusetts,Suffolk County,25025,2110,42.27432243696838,-71.12817347143394,883381.05,278546.58,67572
76fa14f3-b8a9-4166-5d7a-662c848ca758,1980-05-08,,999-49-5991,S99986035,X2624840X,Mrs.,Elna874,Ellie521,Kuhic920,,Bruen238,D,white,nonhispanic,F,Uxbridge  Massachusetts  US,685 Konopelski Rue,Abington,Massachusetts,Plymouth County,25023,2351,42.143492059304,-70.94063880309083,508982.72,272246.38,89173
b4b7d35f-796f-9f68-0db9-61ca948bfd79,1918-10-17,2000-02-22,999-16-1557,S99914598,X81159408X,Mr.,Jeffry142,Daren950,Hammes673,,,M,white,nonhispanic,M,Boston  Massachusetts  US,768 Yundt Run Unit 57,Lawrence,Massachusetts,Essex County,25009,1843,42.71641149893317,-71.20762897247299,39905.72,792586.13,15086
d0bbc293-7041-ba65-8b59-076f8081b597,1974-08-29,,999-98-6365,S99925079,X40339824X,Mrs.,Cristin88,,Kiehn525,,Will178,M,white,nonhispanic,F,Springfield  Massachusetts  US,698 Leffler Ramp,Wakefield,Massachusetts,Middlesex County,25017,1880,42.5263476483839,-71.04412466339421,218687.99,1251833.05,194510
830c55d0-46a4-f62a-6304-a57dbc03546f,1977-08-14,,999-44-1949,S99970547,X57574778X,Mrs.,Alia555,Nila48,Kilback373,,Kulas532,M,black,nonhispanic,F,Westport  Massachusetts  US,818 Howell Street,Weymouth,Massachusetts,Norfolk County,25021,2190,42.1855331582066,-70.96652084075498,295113.6,1210442.33,33319
93588150-12a0-d2cf-506d-5d648d2082ac,1947-12-30,,999-12-6449,S99953429,X66234523X,Mr.,Forest317,Jeremiah751,Haley279,,,D,white,nonhispanic,M,Whitman  Massachusetts  US,753 Champlin Terrace,Barnstable,Massachusetts,Barnstable County,25001,2668,41.61590645708598,-70.39836086083236,435921.82,842724.62,93993
95124fed-b8e5-1989-b74d-da0da84d0b96,1953-09-18,,999-20-1906,S99985154,X68899569X,Mr.,Jonah176,Timmy68,Funk324,,,M,white,nonhispanic,M,Danvers  Massachusetts  US,497 Sawayn Club Suite 32,Holyoke,Massachusetts,Hampden County,25013,1040,42.23587286117232,-72.66285421009336,140414.53,95023.1,51736
8b576842-33a5-d32a-3def-597c8d4e9fb7,1963-12-06,,999-13-6094,S99941714,X2151130X,Mr.,Marshall526,,Durgan499,,,D,white,nonhispanic,M,Pembroke  Massachusetts  US,609 Zieme Mill,Holden,Massachusetts,Worcester County,,0,42.35296109883355,-71.84085225208189,89658.85,181068.18,199064
e8d8055c-7de7-5669-a1b9-e0d58ef09f02,1955-12-28,,999-68-8556,S99974056,X41643804X,Mrs.,Carol737,Renae431,Marks830,,Casper496,M,white,nonhispanic,F,Boston  Massachusetts  US,515 Wisozk Mews Unit 73,Malden,Massachusetts,Middlesex County,25017,2155,42.452197375874256,-71.09332999987339,669829.0,85924.83,51762
5bfda5d2-f513-d616-17a8-6594671fd007,1978-11-03,,999-30-8664,S99943013,X82549893X,Mr.,Raúl937,Cristobal567,Caldera106,,,D,white,hispanic,M,Ponce  Puerto Rico  PR,762 Kunde Hollow,Lawrence,Massachusetts,Essex County,25009,1841,42.74070057802889,-71.19162979524711,121983.52,691833.15,111638
b1ce0ec6-440e-ad0d-6b98-d56146958971,1951-11-30,,999-71-2851,S99986266,X37819364X,Mr.,Ben667,Fidel864,Gerlach374,,,D,white,nonhispanic,M,Cohasset  Massachusetts  US,936 Lehner Path,Malden,Massachusetts,Middlesex County,25017,2155,42.42220326112658,-71.02996022147177,142604.64,117293.72,71000
175b8072-96a4-c03c-9a1f-03c130e5188b,1997-12-27,,999-65-1146,S99941077,X1841494X,Mrs.,Nerissa37,Teodora360,Boehm581,,Goyette777,M,white,nonhispanic,F,Plymouth  Massachusetts  US,218 Turner Village,Brockton,Massachusetts,Plymouth County,25023,2351,42.07166269109929,-71.03216382409367,7115.02,323210.37,17890
f7a86c8b-0438-0a08-87e5-f8120aca3ace,1976-05-07,,999-42-8156,S99984930,X1560228X,Mr.,Pat3,Ben667,Konopelski743,,,M,black,nonhispanic,M,North Adams  Massachusetts  US,794 Walter Hollow,Leominster,Massachusetts,Worcester County,25027,1420,42.588281012133365,-71.84160190778856,267902.88,125318.33,43579
f9737cf7-fbbc-2bb6-ea9d-0a6628a34584,1978-04-14,,999-60-9315,S99989036,X51697119X,Mr.,Gino587,Kareem959,Durgan499,,,M,white,nonhispanic,M,West Newbury  Massachusetts  US,753 Hauck Plaza,Abington,Massachusetts,Plymouth County,25023,2351,42.078156409258284,-70.98997497966964,117669.29,0.0,96237
806942b2-54f5-52ac-1cc2-62ff8deb9de3,1974-05-09,,999-24-2210,S99973046,X71238406X,Mr.,Dominic463,,Bogisich202,,,M,white,nonhispanic,M,Natick  Massachusetts  US,675 Gutmann Vista,North Attleborough,Massachusetts,Bristol County,,0,42.01343594778092,-71.3077179591445,116314.02,10867.9,184512
f8449a8e-dcaa-2be0-4086-11c75ea44f4a,1956-08-08,2005-05-23,999-39-3837,S99918225,X35210833X,Mr.,Ezekiel373,Derrick232,Wolf938,,,S,white,nonhispanic,M,Carver  Massachusetts  US,564 Dickinson Annex Unit 7,Mashpee,Massachusetts,Barnstable County,,0,41.610109425164076,-70.51618085089694,89367.5,11814.44,29057
46e6fd3d-dac7-ae78-6e17-33292af3dd54,1933-08-02,,999-64-9136,S99939822,X48266021X,Mrs.,Tamala194,Theda286,Leffler128,,Parker433,M,white,nonhispanic,F,Somerset  Massachusetts  US,688 Vandervort Mill,Methuen,Massachusetts,Essex County,25009,1841,42.71602654661646,-71.22165679478894,327221.13,1386962.64,30228
cec4a050-0aab-e7df-74a8-d1c4a4162bca,1994-09-02,,999-43-9826,S99923850,X80532297X,Mr.,Oswaldo857,,Casper496,,,S,white,nonhispanic,M,Walpole  Massachusetts  US,969 Erdman Approach,Brookline,Massachusetts,Norfolk County,25021,2445,42.354823301264396,-71.17196617808716,87678.25,25550.48,58
6b20dc71-4610-53f8-42a3-cb62b63a7662,1953-02-03,2017-04-28,999-81-7904,S99937455,X72750262X,Mrs.,Margo702,,Pacocha935,,Romaguera67,M,white,nonhispanic,F,Plymouth  Massachusetts  US,593 Durgan Common,Yarmouth,Massachusetts,Barnstable County,,0,41.71843194318216,-70.2679538720523,335794.87,551036.71,160877
37a1a7af-c6bf-ccc0-6b50-c2e88a14f252,1946-06-10,,999-90-7336,S99947753,X83743368X,Mrs.,Isaura563,Elouise806,Botsford977,,Rogahn59,M,white,nonhispanic,F,Dracut  Massachusetts  US,425 Medhurst Dale Apt 90,Holden,Massachusetts,Worcester County,,0,42.35617958822393,-71.9011032178315,203558.01,202989.58,766368
8fd8ebf7-c44f-eaca-88ee-51e636fe69e7,1973-04-28,,999-71-7365,S99917865,X6673562X,Mrs.,Chante435,Delicia67,Muller251,,Bailey598,M,white,nonhispanic,F,Revere  Massachusetts  US,687 Mertz Skyway Apt 52,Palmer,Massachusetts,Hampden County,25013,1079,42.204723417322,-72.36278183227198,147946.51,176456.79,34589
440380e0-586b-a20a-ee89-f9cac05dafe2,1964-06-30,,999-92-3437,S99965934,X16206712X,Mrs.,Vergie176,Layla49,Heidenreich818,,Senger904,M,black,nonhispanic,F,Quincy  Massachusetts  US,636 Breitenberg Station Suite 50,Fall River,Massachusetts,Bristol County,25005,2721,41.64590287998179,-71.1759016878208,853479.97,109004.42,99352
0dd5812e-5541-3ad8-d839-6377b13e6915,1938-11-22,2020-01-20,999-45-8286,S99982553,X75006017X,Mr.,Danilo179,Raymundo71,Welch179,,,M,white,nonhispanic,M,Danvers  Massachusetts  US,425 Feeney Trail,Taunton,Massachusetts,Bristol County,25005,2718,41.8796828860626,-71.11962157582731,164206.56,1430772.48,63106
a01559ae-71fb-d0ce-8ecf-0611144a8560,1964-08-22,,999-59-3871,S99954221,X55718516X,Mrs.,Pam996,Beula159,Bergnaum523,,Weber641,M,white,nonhispanic,F,Lexington  Massachusetts  US,511 Rippin Station Suite 80,South Dennis,Massachusetts,Barnstable County,25001,2660,41.689535754575246,-70.19816092417317,16080.76,957312.5,23010
2ce9303f-af9c-8343-9eb3-689518eac4ab,1997-06-13,,999-70-4325,S99992306,X21598029X,Ms.,Maryanna659,Ayanna800,Welch179,,,S,white,nonhispanic,F,Tewksbury  Massachusetts  US,308 Kuvalis Frontage road,Rochester,Massachusetts,Plymouth County,,0,41.72261589568689,-70.80181578906767,90264.76,169176.41,54888
93ef3cf4-6ab8-0676-f179-8add18a2f21f,1978-07-21,,999-20-7148,S99944377,X72441476X,Mrs.,Odelia236,Antonio44,Koepp521,,Koch169,M,white,nonhispanic,F,Holyoke  Massachusetts  US,912 Rohan Fort,Ludlow,Massachusetts,Hampden County,,0,42.1505989058187,-72.47481399057187,322405.62,367727.74,97221
06283b42-6d21-0019-3fb1-d7ec91c408ea,1958-08-04,,999-65-2293,S99976342,X55764036X,Mr.,Kelley882,Freddie621,Ratke343,,,W,white,nonhispanic,M,Pittsfield  Massachusetts  US,147 Rosenbaum Crossroad Unit 25,Falmouth,Massachusetts,Barnstable County,25001,2540,41.60562339609949,-70.64353506410578,199295.0,137805.61,32855
43d2c71b-a91b-8fcb-cba9-7f1da780f264,1955-04-22,,999-74-9117,S99914508,X85995683X,Mrs.,Cherelle538,Lakiesha286,Huels583,,Schinner682,D,white,nonhispanic,F,Plymouth  Massachusetts  US,436 Veum Throughway Apt 48,Easton,Massachusetts,Bristol County,,0,42.061134979216284,-71.08076214108586,436834.39,153125.3,111805
261e1ff7-2f55-cc76-3d39-ae6603e15e71,1974-10-13,,999-88-2008,S99970401,X75381352X,Mrs.,Maurita219,Cammie978,Leannon79,,Hackett68,M,white,nonhispanic,F,Belmont  Massachusetts  US,266 Robel Burg Apt 5,Millis,Massachusetts,Norfolk County,,0,42.19345518990873,-71.37863995317772,453266.7,418118.51,98806
f09e9b8e-35e2-b3fb-76a3-94b5a4d6b5fb,1970-09-10,,999-68-6727,S99910553,X67668732X,Mrs.,Lanelle105,Mayola305,Hermann103,,Wunsch504,M,black,nonhispanic,F,Foxborough  Massachusetts  US,740 Hartmann Key,Lawrence,Massachusetts,Essex County,25009,1843,42.69790973391001,-71.11839437463748,300530.91,1158849.22,30893
381716bb-9362-b750-9241-d6e05d532179,1917-03-29,,999-11-2684,S99934163,X50226747X,Mr.,Norman647,Kendall673,Champlin946,,,M,white,hispanic,M,Lawrence  Massachusetts  US,442 Douglas Run,Watertown,Massachusetts,Middlesex County,25017,2472,42.3876679217051,-71.20468376815094,153353.72,1313644.91,164288
90541c6a-7528-1a73-20bc-3fe93c452dff,1945-02-21,2013-10-11,999-59-7277,S99922587,X38842767X,Mr.,Dane516,Jacinto644,McKenzie376,,,M,white,nonhispanic,M,Belmont  Massachusetts  US,638 Stamm Gate,Pocasset,Massachusetts,Barnstable County,25001,2559,41.65129014086919,-70.57429337561278,275028.51,376969.15,48561
5277dbee-a321-54e6-9b37-333e26db35ba,1957-04-15,,999-62-7956,S99996234,X82828417X,Mr.,Boris111,Clinton763,Goodwin327,,,M,white,nonhispanic,M,Beverly  Massachusetts  US,1044 Luettgen Heights Apt 87,Deerfield,Massachusetts,Franklin County,25011,1342,42.52954353263149,-72.63804000980309,323206.25,437667.05,143441
f4f9c233-dcaa-5c0c-44a2-874ce7596e13,2000-04-07,,999-23-7544,S99967106,X23071365X,Ms.,Lewis216,,Ebert178,,,,other,nonhispanic,F,New Bedford  Massachusetts  US,622 Bergnaum Arcade Suite 39,Pembroke,Massachusetts,Plymouth County,,0,42.10976149369547,-70.83280017440413,40027.35,521270.54,181627
beb4e25a-9ba4-0c15-c504-c9c045b49599,1998-06-13,,999-20-1248,S99994840,X61213474X,Mr.,Alfred550,Bo157,Marquardt819,,,,white,nonhispanic,M,Swampscott  Massachusetts  US,1052 Bartoletti Route,Taunton,Massachusetts,Bristol County,25005,2718,41.951185663791,-71.07607950272202,93745.87,0.0,43265
6a805dea-5b29-8e52-efe7-74658bb91f26,1949-10-01,2009-11-22,999-30-5434,S99968389,X18203712X,Mr.,Malcom15,Tristan353,Cummings51,,,M,asian,nonhispanic,M,Hong Kong  Hong Kong Special Administrative Region  CN,496 Bode Harbor,Somerville,Massachusetts,Middlesex County,25017,2138,42.41696792437244,-71.1301382761466,189473.5,745847.46,23969
d5915e83-dcfa-a6e7-fb60-656fef3c52c5,1951-03-02,2016-02-20,999-71-3465,S99992306,X35370561X,Mr.,Harlan808,Floyd420,Gutkowski940,,,S,white,nonhispanic,M,New Bedford  Massachusetts  US,500 Batz Park,Sutton,Massachusetts,Worcester County,,0,42.08790164737526,-71.76115826071299,113867.7,678063.25,119387
f7fe29f9-606d-c89a-b893-62b0e50544cd,1962-05-12,,999-68-6490,S99985416,X19703277X,Mrs.,Zenia843,Tiera511,Beatty507,,Kshlerin58,D,white,nonhispanic,F,Weston  Massachusetts  US,378 Gutmann Well,Walpole,Massachusetts,Norfolk County,25021,2081,42.1461052299329,-71.24292704696173,396785.79,1361604.34,146787
7ed53437-854a-5ed7-ca69-91dcfd23a393,1982-01-25,,999-42-2692,S99965489,X18674781X,Mr.,Emerson869,Tad831,Rogahn59,,,M,black,nonhispanic,M,Berlin  Massachusetts  US,744 Zboncak Spur Unit 50,Norwell,Massachusetts,Plymouth County,,0,42.165631157543196,-70.79222310209023,69433.91,173831.02,913646
c49941ee-22bc-a73e-4ac7-46c5d9687c7a,1981-01-03,,999-26-1814,S99943915,X8684596X,Mrs.,Cleopatra935,Pura348,Bergstrom287,,Kreiger457,W,asian,hispanic,F,Dennis Port  Massachusetts  US,1045 Pacocha Divide,Beverly,Massachusetts,Essex County,25009,1915,42.562421644936414,-70.90512930002608,170377.61,669739.01,30702
e3b44516-2208-1638-07c3-0eef72901f91,1996-05-30,,999-21-2459,S99966364,X39263876X,Mrs.,Rachal9,Melinda114,Dickens475,,Kirlin939,M,white,nonhispanic,F,Bridgewater  Massachusetts  US,1014 Gorczany Port,Lawrence,Massachusetts,Essex County,25009,1840,42.659641748261556,-71.15751699707226,110529.94,620745.05,27828
1109377f-2966-1f33-b0ea-50850cb4f2a8,1947-06-23,,999-28-2058,S99928804,X45116352X,Mr.,Jarod376,Brain142,Wilderman619,,,M,white,nonhispanic,M,Melrose  Massachusetts  US,208 Hegmann Annex,Malden,Massachusetts,Middlesex County,25017,2148,42.39274481010647,-71.09141275951191,76827.58,397301.61,85764
cbf727a7-e6b9-f069-9715-8718f67f24ef,1949-09-13,2024-05-09,999-50-1558,S99976108,X31426924X,Mr.,Sylvester827,,Hagenes547,,,S,white,nonhispanic,M,Walpole  Massachusetts  US,333 Nader Quay Apt 62,Newton,Massachusetts,Middlesex County,25017,2466,42.33498714946757,-71.19634277379751,147256.7,609131.51,183957
a112541c-6cd2-308d-45a4-ef005bcdb77f,1972-12-22,,999-44-4556,S99945984,X64491853X,Mrs.,Eloise59,Zelda766,Herzog843,,Koch169,W,white,nonhispanic,F,Whitman  Massachusetts  US,768 Towne Trailer Suite 48,Worcester,Massachusetts,Worcester County,25027,1602,42.24255963932768,-71.78760894572275,725281.85,443708.94,88338
f26ca55d-64d7-62d5-70da-df9b2c48d35c,1946-11-11,,999-91-4885,S99911962,X72091385X,Mr.,Jarred626,Mervin111,Donnelly343,,,S,white,nonhispanic,M,Methuen  Massachusetts  US,529 Cummerata Ferry,New Marlborough,Massachusetts,Berkshire County,,0,42.12971547514546,-73.28389412701176,182329.69,486591.66,35295
21c63f5f-793c-5671-b80e-8d9206bfde0b,1971-09-12,,999-24-2307,S99998172,X60899403X,Mr.,Jerrod232,,Legros616,,,M,white,nonhispanic,M,Ashburnham  Massachusetts  US,883 Bernhard Ferry,Marlborough,Massachusetts,Middlesex County,25017,1752,42.39271274553522,-71.52654704300363,15832.54,155958.25,191696
21586f5b-173e-ca5e-39a8-ef9233a7c22e,1978-11-06,,999-84-3664,S99911871,X26776870X,Mrs.,Sherell789,Logan497,Ratke343,,Marks830,M,white,nonhispanic,F,Kingston  Massachusetts  US,1022 Champlin Ranch,Fall River,Massachusetts,Bristol County,25005,2720,41.6428735915706,-71.1471494295372,14828.16,1178430.18,14469
060c625d-0881-1af1-0d98-2cf6f86b544e,1947-12-01,1995-10-15,999-73-6556,S99942190,X4228139X,Mr.,Diego848,Darrin898,Renner328,PhD,,W,white,nonhispanic,M,Bourne  Massachusetts  US,973 Stehr Grove,Plymouth,Massachusetts,Plymouth County,25023,2360,41.868894006822046,-70.61338833727537,173451.61,0.0,67424
385b3a96-b2ae-68e8-5b7c-73dde6c59b84,1986-12-01,,999-45-6311,S99968411,X43439237X,Mrs.,Dominque770,Golda777,Ledner144,,Jaskolski867,M,white,nonhispanic,F,Heraklion  Heraklion Prefecture  GR,664 Kulas Glen Suite 33,Malden,Massachusetts,Middlesex County,25017,2155,42.42132805327495,-71.15003393798068,194314.93,685883.72,57149
e83b9115-331e-3c30-2b3d-494facf28322,1932-11-21,,999-35-6396,S99921044,X26452336X,Mr.,Wiley422,,Predovic534,,,S,white,nonhispanic,M,Randolph  Massachusetts  US,439 Schneider Trace,Barnstable,Massachusetts,Barnstable County,25001,2672,41.663058966915045,-70.44877650395874,284110.05,330353.62,94364
45f6fe46-ed68-8294-01fb-57f82d5086bc,1943-11-13,2024-02-17,999-54-6063,S99998917,X56588144X,Ms.,Yevette778,Cindy893,Johns824,,,S,white,hispanic,F,Wenham  Massachusetts  US,797 Kshlerin Wall,Quincy,Massachusetts,Norfolk County,25021,2169,42.254342411930544,-71.06051928286382,207765.46,481359.65,31524
fb7c9eef-b820-e8c6-8582-61f3763fa044,1917-07-17,1971-08-22,999-87-8016,S99936408,X8791802X,Ms.,Lise687,Wan724,Stoltenberg489,,,S,white,nonhispanic,F,Stoneham  Massachusetts  US,639 Kovacek Forge,Greenfield,Massachusetts,Franklin County,25011,1301,42.64771327632667,-72.61582398624834,12918.73,622232.16,15382
bcfdca83-206e-96c1-0719-2905f16e8206,1963-11-06,2011-06-17,999-70-2461,S99939762,X10197666X,Mr.,Jasper743,Cleo27,West559,JD,,M,white,nonhispanic,M,Middleborough  Massachusetts  US,657 Klein Meadow Unit 76,Needham,Massachusetts,Norfolk County,25021,2494,42.26025591926701,-71.20300104618725,38814.28,864303.09,710552
3c07be55-a7a8-7afa-b0b5-b75f5905c847,1966-09-09,,999-69-4792,S99954227,X75611949X,Mr.,Guadalupe206,,Veum823,,,M,white,nonhispanic,M,Dedham  Massachusetts  US,1028 Berge Mews,Brookline,Massachusetts,Norfolk County,25017,2467,42.343448485652026,-71.17418778687157,208812.04,146107.71,183242
d5be478f-852b-6b1f-dd65-ed89feed1ef1,1959-11-27,,999-45-5004,S99939905,X54350560X,Mr.,Max124,Billy698,Hintz995,,,D,white,nonhispanic,M,Wareham  Massachusetts  US,506 Reichert Port Apt 19,Millbury,Massachusetts,Worcester County,,0,42.18353063520912,-71.78099445181343,15175.0,269494.13,16028
ff0657af-e792-6c9e-5577-af159442e928,1983-06-01,,999-77-8565,S99928254,X10972675X,Mrs.,Rosana394,Meagan221,Hane680,,Lynch190,D,white,nonhispanic,F,Fall River  Massachusetts  US,287 Schowalter Ville Apt 49,Waltham,Massachusetts,Middlesex County,25017,2451,42.39216816564453,-71.19332836573398,497875.85,244133.81,52607
d7328a6d-2fdd-4fed-80ba-678800cf221c,1977-02-08,,999-33-9260,S99948611,X51416726X,Mr.,Rodolfo763,Bernard308,Ratke343,,,M,white,nonhispanic,M,Arlington  Massachusetts  US,872 Veum Park,Pocasset,Massachusetts,Barnstable County,25001,2559,41.6714727702282,-70.60232023672839,82015.9,111594.98,23984
22db042f-cda0-d532-507a-9242495729fd,1972-04-25,,999-72-1790,S99947682,X88536489X,Mrs.,Anette189,,Walker122,,Sauer652,M,white,nonhispanic,F,Fall River  Massachusetts  US,366 Reynolds Neck Suite 22,North Andover,Massachusetts,Essex County,,0,42.71486610084832,-71.0893923417479,18653.84,894532.59,6748
95f9966f-e339-ceb8-2d44-8664c7be1774,1937-06-19,,999-92-4548,S99950961,X86712998X,Ms.,Rosalie939,Elva122,Bruen238,,,S,white,nonhispanic,F,Taunton  Massachusetts  US,730 Barton Landing Unit 0,Fall River,Massachusetts,Bristol County,25005,2721,41.63032516001134,-71.03851281845985,28735.3,1399858.08,17923
f9461750-68bd-5248-549d-2cff152d51fc,1975-12-13,,999-84-2468,S99914278,X13601108X,Mrs.,Arielle168,Yessenia339,Rice937,,Anderson154,M,white,nonhispanic,F,Braintree  Massachusetts  US,915 Fay Vale Apt 31,Burlington,Massachusetts,Middlesex County,25017,1803,42.54010321109061,-71.22387710960454,442406.48,735550.6,76447
c966e67f-bb88-2d95-7360-976b2269b627,1980-06-27,,999-56-8687,S99962271,X33335893X,Mrs.,Marquetta382,Alycia285,Wiegand701,,Reinger292,D,white,nonhispanic,F,Great Barrington  Massachusetts  US,265 Towne Run,Boston,Massachusetts,Suffolk County,25025,2126,42.40755318393889,-71.00959962342559,880582.53,16463.72,94196
2e39c9ee-0b6c-25a4-45f4-2797e6e6d293,1976-03-12,,999-28-9546,S99980639,X24036535X,Mrs.,Mendy939,Asia282,Pfeffer420,,Wyman904,M,white,nonhispanic,F,Fall River  Massachusetts  US,1075 Bosco Tunnel Unit 63,Norfolk,Massachusetts,Norfolk County,,0,42.08280173079688,-71.30862413695907,291853.51,1022166.81,96462
443de5de-350b-1d0f-eab6-71d59f089af9,1971-07-25,,999-82-5489,S99978026,X33149781X,Mrs.,Ingrid581,Jill895,Greenfelder433,,Cummerata161,M,white,nonhispanic,F,Bliss Corner  Massachusetts  US,234 Beer Arcade Apt 77,Conway,Massachusetts,Franklin County,,0,42.49660851770215,-72.70644253917466,612948.14,37210.77,107305
3cea234c-d958-919d-b516-7d209c036160,1963-09-13,,999-76-6997,S99910250,X86844639X,Mrs.,Irena775,Caron739,Price929,,Bechtelar572,M,white,nonhispanic,F,Northbridge  Massachusetts  US,617 Howell Avenue Unit 69,Salem,Massachusetts,Essex County,25009,1970,42.55899700731317,-70.82611543748595,26024.91,898116.55,16895
8ce6bb80-8e7b-712b-1b27-7a96d9b7891f,1970-05-20,,999-61-9980,S99998418,X11059154X,Mrs.,Rosa195,Guillermina633,Cazares77,,Granados71,D,white,hispanic,F,Portsmouth  Saint John Parish  DM,1084 Kertzmann Camp Apt 58,Worcester,Massachusetts,Worcester County,25027,1602,42.267465293429204,-71.83134542200027,340523.54,258138.75,124231
85a70fc4-7dff-e692-fef0-3d4d8423311d,1943-01-09,2008-05-04,999-47-4423,S99980946,X42493859X,Mrs.,Danette111,Madeleine482,Kuhlman484,,Lakin515,M,black,nonhispanic,F,Medfield  Massachusetts  US,868 Steuber Terrace Suite 46,Milford,Massachusetts,Worcester County,25027,1757,42.17136291711393,-71.51065741159096,1025093.39,550343.13,40643
6e8cda32-70f5-92a3-6ccf-e9ccc99328b9,1971-01-12,,999-84-9075,S99910554,X3394335X,Mr.,Jerónimo599,José María211,Casanova632,,,D,white,hispanic,M,San Salvador  El Salvador  SV,570 Cormier Crossroad,Quincy,Massachusetts,Norfolk County,25021,2170,42.22927224256113,-71.0563652909412,280095.36,35578.32,78968
707d00b2-49ee-d984-82d7-a4975c1a3836,1973-09-18,,999-87-3764,S99921961,X77444764X,Mrs.,Thea616,Brittney657,Dach178,,Jaskolski867,M,white,nonhispanic,F,Chicopee  Massachusetts  US,327 Zboncak Overpass Apt 56,Taunton,Massachusetts,Bristol County,25005,2718,41.90323840915946,-71.13444494578526,851495.58,250397.38,93644
72831384-84b6-903a-7038-1c09d3ac4062,1973-05-29,,999-64-9786,S99948627,X69728741X,Ms.,Nikole56,Kittie678,Ledner144,,,S,white,nonhispanic,F,Boston  Massachusetts  US,187 Hansen Esplanade Unit 87,Westfield,Massachusetts,Hampden County,25013,1086,42.131241484482246,-72.83529857628224,152942.15,66447.38,30055
c1e92279-80b5-69b0-ce71-ffcaf6022e42,1917-11-02,1998-08-24,999-33-3135,S99941943,X89596200X,Mrs.,Lois157,,Swaniawski813,,Bradtke547,M,asian,nonhispanic,F,Chicopee  Massachusetts  US,435 Bergnaum Tunnel,Medford,Massachusetts,Middlesex County,25017,2145,42.45564384512122,-71.12731662152068,1037689.93,1453456.63,68408
24749500-8b56-6f1e-0052-e1d83c6fbb6c,1938-02-08,2021-06-09,999-31-1000,S99929217,X23080854X,Mr.,Trinidad33,,Howell947,,,M,white,nonhispanic,M,Brockton  Massachusetts  US,712 Stracke Passage,North Attleborough,Massachusetts,Bristol County,,0,41.98766580578844,-71.35497252702594,100775.83,1067463.18,72544
1de2188a-7302-db5b-f60c-5134020a9a08,1950-07-06,,999-52-7267,S99915352,X87833148X,Ms.,Babara869,Larissa293,Herman763,,,S,black,nonhispanic,F,Brockton  Massachusetts  US,269 Leannon Mission Unit 0,Duxbury,Massachusetts,Plymouth County,25023,2332,42.02614401142308,-70.69373931601382,130333.82,1156317.88,140768
7d611868-541a-894d-4c71-11b6a866ac58,1989-02-01,,999-18-1828,S99954068,X78709704X,Mr.,Noah480,Issac619,Reichel38,,,D,white,nonhispanic,M,Haverhill  Massachusetts  US,227 Braun Bridge Apt 45,Quincy,Massachusetts,Norfolk County,25021,2170,42.285552412610286,-71.08024625667785,86597.88,0.0,73914
ee7f873d-3535-aca1-d07d-ca90968a37df,1980-09-29,,999-88-7937,S99972385,X65752891X,Mrs.,Lilia791,Latrice352,Simonis280,,Cummerata161,M,white,nonhispanic,F,Taunton  Massachusetts  US,590 Franecki Alley,Princeton,Massachusetts,Worcester County,,0,42.47503931706883,-71.86997265782537,259300.69,583957.08,137293
14d1d1ec-c448-5b15-1232-4e7072af2f9c,1930-08-04,2012-08-05,999-18-4179,S99979783,X21921818X,Mr.,Rickey821,John539,Grimes165,,,D,white,nonhispanic,M,Somerset  Massachusetts  US,489 Smith Ramp Suite 27,Attleboro,Massachusetts,Bristol County,44007,2861,41.90559622882595,-71.25713170510969,98725.93,2665901.03,92932
3a116e6a-aa81-2b1d-0c4b-e2cc23f37a52,1964-06-02,,999-11-4319,S99967820,X54068390X,Mr.,Vincent299,Mason910,Ankunding277,,,M,white,nonhispanic,M,Haverhill  Massachusetts  US,341 Gerlach Gardens Suite 11,Framingham,Massachusetts,Middlesex County,25017,1702,42.321309332181876,-71.48408817806539,163551.54,43791.87,64793
b3cd7428-0762-82e8-10e7-35904d88f4e8,1960-04-02,,999-93-3104,S99937444,X82233231X,Mr.,Orval846,,Rodriguez71,,,W,white,nonhispanic,M,Abington  Massachusetts  US,747 Shanahan Pathway,Medford,Massachusetts,Middlesex County,25017,2145,42.410042996817914,-71.09540035105692,91345.36,165619.29,776187
b5aa8dbc-4627-6eb3-ce51-6df1c939a89c,1984-05-30,,999-74-4275,S99956507,X22761481X,Mr.,Marcel580,Clement78,Veum823,,,D,white,nonhispanic,M,Wilmington  Massachusetts  US,746 Ondricka Route Suite 12,Sutton,Massachusetts,Worcester County,,0,42.11790923222862,-71.7631761549845,442236.03,378331.81,108343
7e96ed50-988e-9939-32d2-728147e84491,1977-08-14,,999-59-6386,S99997530,X20284171X,Mr.,Milo271,Dewayne363,Kuhic920,,,M,white,nonhispanic,M,Easton  Massachusetts  US,328 Langosh Landing,Gloucester,Massachusetts,Essex County,25009,1930,42.62660093829101,-70.64199761198635,110675.39,12375.41,121935
4f401b9d-4fe2-096f-4d69-e332e9a42860,2006-06-06,,999-26-5475,S99982125,,Mr.,Hugo693,Basil991,Abbott774,,,,white,hispanic,M,Boston  Massachusetts  US,979 Nicolas Gateway Apt 68,Norfolk,Massachusetts,Norfolk County,,0,42.135741005343135,-71.3690089152766,45411.67,6286.73,949328
31181556-0638-ee01-898c-137b8811c8f0,1971-03-08,,999-96-7590,S99977301,X37905043X,Mr.,Willie882,,Schuppe920,,,M,white,nonhispanic,M,Saugus  Massachusetts  US,555 Ebert Flat Apt 62,Winchester,Massachusetts,Middlesex County,25017,1890,42.49991649802004,-71.14517727849882,122594.39,214403.23,415749
506b97a0-2df2-94a5-4a29-d29502c0abb9,1978-07-01,,999-38-4176,S99953716,X66173647X,Mr.,Darnell564,Isaac321,Nader710,,,S,white,nonhispanic,M,Falmouth  Massachusetts  US,937 Fahey Throughway,Wellesley,Massachusetts,Norfolk County,25021,2457,42.318951806205575,-71.2700036513,7923.84,111942.45,16251
410bd32c-d311-cb8b-e270-92d27a9d46f3,1973-05-25,,999-32-4469,S99945996,X41862535X,Mr.,Efren426,Mitch821,Bernier607,,,M,black,nonhispanic,M,Lowell  Massachusetts  US,187 Kub Spur Apt 87,Hull,Massachusetts,Plymouth County,25023,2045,42.32635383132358,-70.9131554458761,138592.17,144582.26,74579
3aa1cd88-816f-350d-c87d-ce32f40d2adc,1970-05-21,2019-11-23,999-71-5734,S99914888,X32082657X,Ms.,Hanna456,Rutha66,Wolf938,,,S,white,nonhispanic,F,Framingham  Massachusetts  US,860 Spencer Landing,Mattapoisett Center,Massachusetts,Plymouth County,,0,41.635010090215765,-70.81316873150777,322193.33,67578.35,82563
68e9d3b1-a2a6-7ca2-9314-9b3b0eab173a,1964-01-10,2014-07-11,999-31-5622,S99991645,X21474824X,Mrs.,Krystle484,Augustine565,Sanford861,,Kshlerin58,M,white,nonhispanic,F,Abington  Massachusetts  US,678 Gerlach Extension,Carver,Massachusetts,Plymouth County,,0,41.85705325285099,-70.72512165770645,684530.46,194602.73,46435
a3140a22-1f83-9586-45c9-60835b86e1ce,1969-11-20,,999-12-8241,S99961065,X33347500X,Mr.,Frederic454,Wilton999,Wilkinson796,,,M,black,nonhispanic,M,Boston  Massachusetts  US,671 Olson Drive,Newburyport,Massachusetts,Essex County,25009,1951,42.85346935185869,-70.85418414679336,113516.75,252624.57,561836
a815a2b8-536f-6483-9288-25efbe832e80,1951-02-14,,999-16-5347,S99953041,X52631283X,Mrs.,Nicol381,,Schneider199,,Dicki44,M,white,nonhispanic,F,Lunenburg  Massachusetts  US,808 Lueilwitz Vista Suite 72,Chicopee,Massachusetts,Hampden County,25013,1020,42.191424251621314,-72.52846945405884,853627.63,477634.3,38886
6a950861-d0a1-f46b-690a-4ec94a0a2698,1949-02-18,2023-02-20,999-75-8985,S99938570,X28244198X,Mrs.,Timika369,Kristi306,Nicolas769,,Bechtelar572,D,white,nonhispanic,F,Nantucket  Massachusetts  US,562 Kuphal Vale,Cambridge,Massachusetts,Middlesex County,25017,2140,42.36591313030396,-71.1394948300097,347518.54,852934.18,137667
5fd2f0d4-4671-4c65-b8f2-a08d7d7ccbf6,1957-05-22,,999-40-6186,S99967106,X34900797X,Mr.,Arthur650,Leonel449,Boehm581,,,M,white,hispanic,M,Medford  Massachusetts  US,1018 Lakin Bridge Apt 70,Salem,Massachusetts,Essex County,25009,1970,42.49201509522065,-70.87642108441891,200969.9,85638.48,62680
af345c74-a703-51f8-c50d-df9f41ff6686,1971-04-21,,999-50-1826,S99943589,X74525994X,Mr.,Julio255,Jesús825,Almaraz628,,,M,white,hispanic,M,San Jose  San Jose  CR,280 Lang Trace,Charlton,Massachusetts,Worcester County,,0,42.16275000819944,-72.00785654741198,142658.01,31396.49,138072
b81e3429-ab56-5320-24d9-de81896646c6,1964-08-20,2025-01-06,999-98-9007,S99942470,X52933218X,Mrs.,Giselle809,Vivien121,Dooley940,,Spinka232,W,white,nonhispanic,F,Bridgewater  Massachusetts  US,696 D'Amore Haven Unit 73,Winchendon,Massachusetts,Worcester County,25027,1475,42.636758851907125,-72.0298671013375,785220.33,759975.72,82243
f5e3169f-444a-df3e-77ca-97210088e46f,1969-07-05,,999-65-2914,S99991969,X40616403X,Mrs.,Hanh683,,Tromp100,,Dickinson688,M,asian,nonhispanic,F,Stoneham  Massachusetts  US,1006 Armstrong Highlands Unit 89,Westford,Massachusetts,Middlesex County,,0,42.547714524478955,-71.4349221030512,254183.58,757615.18,158593
b0604b0a-fce2-5ac0-48f3-011c094c25d9,1985-03-29,,999-20-1795,S99943030,X88257362X,Mr.,Rickie717,Willard975,Cronin387,,,D,white,nonhispanic,M,Worcester  Massachusetts  US,1051 Schuppe Quay Unit 83,Stoughton,Massachusetts,Norfolk County,,0,42.078797983921504,-71.07817494742585,97721.93,652498.27,144660
09b5bd20-6028-58fc-d59f-e6e0c21e5019,1964-02-22,,999-20-3212,S99998213,X26653462X,Mr.,Ricky354,Luis923,Lynch190,,,S,white,nonhispanic,M,Grafton  Massachusetts  US,892 Kertzmann Trace Suite 39,Chicopee,Massachusetts,Hampden County,25013,1020,42.11447098788235,-72.56043479073826,210301.02,59032.45,133995
f7273b01-36ed-b1d1-f8f5-5a5efb4d5a8d,1918-12-28,2006-01-26,999-31-5496,S99968273,X83380247X,Mr.,Hilton264,Dominique369,Goldner995,,,M,white,nonhispanic,M,Bridgewater  Massachusetts  US,346 Turner Key,Grafton,Massachusetts,Worcester County,,0,42.195866659886605,-71.67982643634856,49815.31,4337840.63,11024
f0e35621-22ee-cfe2-67f4-d5964259e758,1944-12-03,,999-76-9622,S99984309,X15155799X,Mrs.,Natalie960,Tisha655,Kuhic920,,Feest103,D,black,nonhispanic,F,Middleborough Center  Massachusetts  US,711 Schimmel Burg,Boston,Massachusetts,Suffolk County,25025,2199,42.277942872238505,-71.14309087454014,680392.39,150695.84,104888
418bc5ad-e0e7-8705-19fd-d6cfef98b7f4,1958-07-15,,999-44-3473,S99970218,X86167384X,Mrs.,Guadalupe206,Sau887,Bednar518,,Sanford861,D,white,nonhispanic,F,Hudson  Massachusetts  US,1017 Ullrich Divide Suite 13,Winthrop,Massachusetts,Suffolk County,25025,2128,42.33687879891657,-70.9912548144171,619257.09,238590.22,39577
30b4aac9-b28c-60bf-24a4-9e351a9223d7,1965-04-04,,999-53-4089,S99960284,X64118613X,Mrs.,Stasia733,Danica886,Kling921,,Aufderhar910,M,black,hispanic,F,Wellesley  Massachusetts  US,331 Emard Union Apt 11,Revere,Massachusetts,Suffolk County,25025,2151,42.457230620131746,-70.96373949110622,21483.57,1117962.64,70178
10c4c312-6a64-db50-c92b-f46300668710,1943-10-17,,999-90-7827,S99950834,X20059264X,Mr.,Noel608,Enoch803,Upton904,,,W,white,nonhispanic,M,West Boylston  Massachusetts  US,717 Grimes Junction,Littleton,Massachusetts,Middlesex County,,0,42.491615066401714,-71.4558129294162,170030.65,857635.35,885674
752c1113-3d9d-45e2-1a7c-95f5f1c476cf,1961-01-28,,999-51-4858,S99972872,X26706049X,Mr.,Monte325,Vicente970,Lubowitz58,,,M,white,nonhispanic,M,Boston  Massachusetts  US,560 Kuphal Wall Unit 89,Worcester,Massachusetts,Worcester County,25027,1605,42.22883703281606,-71.77728664261963,19632.83,258777.06,16357
92b6cd40-05bc-7c9b-57ef-195ff0cfb808,1929-07-29,2017-07-04,999-29-9857,S99972238,X74545021X,Mr.,Demarcus108,Rigoberto443,Olson653,,,S,white,nonhispanic,M,Boston  Massachusetts  US,502 Labadie Crossing,Mashpee,Massachusetts,Barnstable County,,0,41.57316462754444,-70.46857408731898,214404.19,301023.19,120691
06255431-3f89-ff94-208a-f7927a98f9cf,1971-11-18,,999-54-4937,S99963500,X52977030X,Mrs.,Bev675,,Monahan736,MD,Ebert178,M,white,nonhispanic,F,New Bedford  Massachusetts  US,114 Rohan Grove,Stoneham,Massachusetts,Middlesex County,25017,2180,42.488573632124506,-71.1100745221385,30162.03,1018863.65,197689
9d5908cb-2ca2-afce-f13b-980b94db4a5b,1969-09-27,,999-34-5183,S99943634,X13393326X,Mrs.,Elenora790,,Yost751,,Glover433,M,white,nonhispanic,F,Greenfield  Massachusetts  US,161 Lynch Approach,Reading,Massachusetts,Middlesex County,25017,1801,42.57316167908491,-71.06004747850777,366890.41,1103656.25,153479
4c198015-9290-62eb-75bf-731965f5a6b5,1968-06-01,,999-54-9605,S99940169,X5386830X,Mrs.,Alexandra16,Katlyn29,Beier427,,Schmidt332,D,white,nonhispanic,F,Hingham  Massachusetts  US,552 Swift Parade,Auburn,Massachusetts,Worcester County,,0,42.15250156991942,-71.86164169725599,20593.46,1279806.46,21163
6718aa07-d67e-d4f3-bbc8-7433277f998e,1973-05-28,,999-93-6653,S99987902,X208454X,Mrs.,Mistie167,Cherryl901,Olson653,,Batz141,M,asian,nonhispanic,F,Mattapoisett Center  Massachusetts  US,917 Abernathy Wall Suite 76,Worcester,Massachusetts,Worcester County,25027,1602,42.232507014278546,-71.80918569813856,1090344.95,226631.94,86477
122aed9d-39c3-80a4-f8b2-40a5bf40c170,1971-04-29,,999-94-1576,S99967159,X13982889X,Mr.,Morris740,Casey401,Koss676,,,M,white,nonhispanic,M,South Amherst  Massachusetts  US,504 Johns Esplanade Unit 0,Lynn,Massachusetts,Essex County,25009,1904,42.479161769694784,-70.95868941219283,119686.67,12990.57,125464
f5a48847-bebd-bd3c-c696-35ce43e7c55f,1973-04-21,2018-10-11,999-69-7983,S99983725,X18998463X,Mr.,Ignacio928,,Rivero165,,,M,white,hispanic,M,Roseau  Saint George  DM,665 Upton Overpass Unit 94,Lynn,Massachusetts,Essex County,25009,1906,42.47500654143799,-70.96500798444316,241297.43,14314.72,43677
002fdfbc-e154-a0af-bc40-2d4b7b0c6015,1944-04-28,,999-40-7675,S99995669,X16838906X,Mrs.,Rita460,Ursula220,Hammes673,,Marquardt819,M,white,nonhispanic,F,Lynn  Massachusetts  US,787 Ebert Passage,Everett,Massachusetts,Middlesex County,25017,2148,42.39796650780087,-71.10103312258711,320903.71,1402506.77,32311
d2a789ed-33f4-0559-c280-c74f51de37a0,1965-01-24,,999-49-1775,S99954695,X67832188X,Mr.,Bernie827,Ezra452,Welch179,,,M,white,nonhispanic,M,Mattapoisett Center  Massachusetts  US,141 Mann Avenue Unit 62,Salem,Massachusetts,Essex County,25009,1907,42.501421645305186,-70.91027082606084,201432.53,42841.39,69244
3fb0868a-1fa7-14bd-505d-b6758fdbdc35,1917-12-31,1988-01-23,999-51-8351,S99997622,X16851818X,Mrs.,Sandy901,,Tremblay80,,Glover433,M,white,nonhispanic,F,Brockton  Massachusetts  US,737 Cassin Ramp Suite 10,Sunderland,Massachusetts,Franklin County,,0,42.49771897348167,-72.5432591401632,748732.65,188435.21,45665
cbb58a17-1cf8-42f9-8e0f-d37736cbd5ee,1973-08-19,,999-68-6091,S99938656,X34167956X,Mr.,Herb645,Kelley882,Barton704,,,M,white,hispanic,M,Weymouth  Massachusetts  US,757 Rice Bridge Unit 49,Plymouth,Massachusetts,Plymouth County,25023,2360,41.83652612464186,-70.67526311221626,9894.06,270414.77,12487
5df3c2b4-ce63-d263-b678-e2d0ff6682a7,1974-03-03,,999-62-6469,S99936185,X83765839X,Mrs.,Ernestine645,Chung121,Torp761,,Deckow585,D,white,nonhispanic,F,Marseille  Provence-Alpes-Cote d'Azur  FR,437 Wolf Burg Suite 14,Norwood,Massachusetts,Norfolk County,25021,2090,42.23270673401352,-71.21659001231349,693708.29,321450.21,96919
31caa39c-abf4-f54f-33bf-832bb07e227a,1982-07-08,,999-71-1184,S99916965,X58288330X,Mr.,Juan88,Pablo44,Berge125,,,M,white,nonhispanic,M,Wayland  Massachusetts  US,633 Keebler Rapid Apt 68,Lawrence,Massachusetts,Essex County,25009,1841,42.70756802923094,-71.20127366971033,118428.45,169278.31,32259
8ee7ff03-3bc1-12ab-628b-d0d4ed9799df,1969-08-09,,999-33-4743,S99929799,X5368965X,Mr.,Van763,Coy949,Gleichner915,,,M,native,nonhispanic,M,Arlington  Massachusetts  US,780 Collier Union Suite 54,Malden,Massachusetts,Middlesex County,25017,2155,42.37457028199266,-71.14335185768422,105316.66,36519.7,38978
475dff7c-2725-1a98-65be-a1bfbbed64ab,1994-09-09,,999-76-2094,S99931496,X21307272X,Mrs.,Ilona639,,Cassin499,,Graham902,M,white,nonhispanic,F,New Bedford  Massachusetts  US,148 Spinka Bridge Apt 57,Somerville,Massachusetts,Middlesex County,25017,2155,42.4021926177341,-71.10629299029462,11609.69,744987.99,6980
2be3ddd7-7a6c-a93c-5424-8a1cbb90589b,1965-03-18,,999-91-2036,S99924166,X78161620X,Mrs.,Edra310,,Hammes673,,Raynor401,M,white,nonhispanic,F,Boston  Massachusetts  US,833 Anderson Way Unit 85,Spencer,Massachusetts,Worcester County,25027,1562,42.251131718004615,-71.9901654473958,224522.29,1598842.88,183390
56ea5664-5a1b-2e1e-fc56-37e844a45155,1990-02-16,,999-21-9626,S99987114,X33678107X,Mr.,Laverne101,,Keeling57,,,M,white,nonhispanic,M,Gloucester  Massachusetts  US,712 Stark Pathway,Newton,Massachusetts,Middlesex County,25017,2465,42.308901631123724,-71.25432534093227,86145.68,23212.04,164425
e47e2141-adc3-90e1-4968-12044e20b4ea,1960-11-28,,999-99-3442,S99912088,X54864377X,Mrs.,Cassey386,Shea825,Abbott774,,Runolfsdottir785,D,white,nonhispanic,F,Florida  Massachusetts  US,1075 Rippin Dale Apt 45,Sandwich,Massachusetts,Barnstable County,25001,2563,41.706329398527416,-70.4787555709236,505829.65,134895.06,91983
f5de22ff-e2d8-e4af-83ae-d5c903d25c84,1979-06-27,,999-70-7544,S99978180,X3039204X,Mr.,Troy560,Jamie386,Toy286,,,M,white,nonhispanic,M,Winchester  Massachusetts  US,801 Schmitt Viaduct,Walpole,Massachusetts,Norfolk County,25021,2081,42.15438539698623,-71.23926887240901,102798.26,23342.25,60392
c92ac2dc-c682-5c50-dc1b-3c98875943be,1987-09-19,,999-69-9175,S99927752,X61116615X,Mrs.,Coreen424,Robbin22,Gulgowski816,,Greenfelder433,D,native,nonhispanic,F,Raynham  Massachusetts  US,890 Doyle Ferry Unit 20,Wayland,Massachusetts,Middlesex County,,0,42.381473803042695,-71.40334840102093,206303.06,563228.82,59589
96297df0-4272-c0dd-c535-85e11e61fa17,1966-01-23,,999-34-7708,S99915926,X54074781X,Mrs.,Sacha430,Johanne551,Kuvalis369,,Donnelly343,W,white,nonhispanic,F,Boston  Massachusetts  US,390 Schroeder Trail Suite 27,Salem,Massachusetts,Essex County,25009,1907,42.51653012155806,-70.93892485484908,286887.34,380208.21,139408
b563010b-e9b6-8d20-b795-7f4d60adea37,1947-11-20,,999-93-2321,S99941468,X5083848X,Ms.,Earlie274,Genevive999,Harber290,,,S,white,nonhispanic,F,Framingham  Massachusetts  US,1088 Lubowitz Skyway,Fall River,Massachusetts,Bristol County,25005,2723,41.70056067092226,-70.9986341723173,816988.63,578772.73,58903
e4af32df-e6ca-979f-15bf-39c6a10162c3,1915-09-22,2010-03-19,999-42-8616,S99963945,X68770754X,Mr.,Chet188,Cody889,Jast432,,,S,white,hispanic,M,Northbridge  Massachusetts  US,1041 Thompson Brook Apt 17,Lexington,Massachusetts,Middlesex County,25017,2421,42.480816274783976,-71.27242532289931,233324.76,698427.67,64791
d973c77d-73ef-34fb-e280-b1e6b7caa387,1964-08-07,2006-12-12,999-49-2519,S99988967,X71434838X,Mrs.,Laura391,Anitra287,Hand679,,Schmidt332,M,white,nonhispanic,F,Seekonk  Massachusetts  US,621 Cartwright Dale Apt 38,Rockland,Massachusetts,Plymouth County,,0,42.14690890264145,-70.86024553582631,13750.54,928117.23,23317
065310d6-5137-cfa7-c9c7-2a388c5d78f9,1953-12-29,,999-68-4343,S99934409,X74462490X,Mr.,Filiberto722,,Will178,,,M,white,nonhispanic,M,Seekonk  Massachusetts  US,189 Rippin Dale,Milton,Massachusetts,Norfolk County,25021,2186,42.19630307908065,-71.04991748712499,142690.39,95738.04,629729
47efaae8-38aa-f8de-5956-db9fbd937568,1955-04-19,,999-23-3257,S99993651,X49270433X,Mrs.,Amalia471,,Bechtelar572,,Bartoletti50,M,white,nonhispanic,F,Tewksbury  Massachusetts  US,732 Kshlerin Passage Suite 94,Bedford,Massachusetts,Middlesex County,25017,1730,42.50648471123295,-71.27041182559412,260212.47,509324.66,169082
2a9d0eb6-79a0-870f-857a-a10fd4db5c11,1939-05-13,2008-11-15,999-92-5624,S99940587,X59879260X,Mr.,Hugo693,,Goldner995,,,M,white,hispanic,M,Brockton  Massachusetts  US,182 Jacobi Route,Lexington,Massachusetts,Middlesex County,25017,2420,42.44816834169354,-71.191930291571,655185.8,2591868.4,64791
a186ddd8-bb79-7d9a-c46e-00c84b15b046,1978-09-23,,999-52-8568,S99949045,X74278049X,Mrs.,Deloras136,Melodie819,Hettinger594,,Mann644,D,asian,nonhispanic,F,Hong Kong  Hong Kong Special Administrative Region  CN,292 Beier Fork,New Bedford,Massachusetts,Bristol County,25005,2748,41.702629596107016,-70.88067599996725,383514.19,527048.44,46073
a43985fe-dfe5-e8a7-2008-d5945d0184d2,2000-10-05,,999-55-2367,S99986766,X26501356X,Mr.,Fritz267,Donnie175,Rogahn59,,,,white,nonhispanic,M,Braintree  Massachusetts  US,1015 Rice Mall,Taunton,Massachusetts,Bristol County,25005,2780,41.86349471583657,-70.97188504941877,60149.37,4690.86,138973
1f705172-c383-2bb8-ab85-f85c54cea21e,1977-06-13,,999-87-9524,S99995073,X52032972X,Mrs.,Kathlene786,Stephany248,Kulas532,,Prohaska837,M,white,nonhispanic,F,Cambridge  Massachusetts  US,653 Jast Crossing,Brockton,Massachusetts,Plymouth County,25023,2302,42.04121096404281,-71.04907516290092,259156.22,262982.58,72296
476cc02b-0dc4-7082-fc71-3af10be03b91,1954-07-20,,999-49-4328,S99990697,X34398866X,Mrs.,Raylene798,Pamula578,McKenzie376,,Greenholt190,M,white,nonhispanic,F,Watertown  Massachusetts  US,1071 Goodwin Stravenue Apt 63,Haverhill,Massachusetts,Essex County,25009,1835,42.77591610349459,-71.04248512500303,30299.03,917151.58,14190
eedc1ea9-4968-f3d6-950f-6804798d84ba,1968-02-19,,999-24-8340,S99976208,X68431694X,Mrs.,Ana Luisa894,Conchita9,Carreón894,,Menéndez746,D,white,hispanic,F,Buenos Aires  Ciudad de Buenos Aires  AR,1037 Bashirian Heights,White Island Shores,Massachusetts,Plymouth County,,0,41.7789632962119,-70.58944568802387,691171.66,329937.34,71075
5d3562cc-36dc-d35c-87f2-684f5326810c,1991-03-24,,999-50-3964,S99970116,X10119487X,Mr.,Ethan766,Jasper743,Gutmann970,,,M,white,nonhispanic,M,Whitinsville  Massachusetts  US,290 Torphy Crossing Unit 21,Acton,Massachusetts,Middlesex County,,0,42.524496457534404,-71.42274640776215,6010.61,96239.53,15926
07d04fac-9aff-dd61-2276-539fdbf4bc2a,1976-12-04,,999-17-3864,S99949335,X33918651X,Mr.,Danilo179,Adalberto916,Crona259,,,M,white,nonhispanic,M,Norfolk  Massachusetts  US,284 Collier Trailer,Billerica,Massachusetts,Middlesex County,,0,42.592159702805276,-71.30407713158087,167570.16,593765.14,143455
258f9551-0edf-3c08-fa64-ecab28df6359,1965-08-26,2020-12-18,999-83-3679,S99968060,X87185779X,Mr.,Warner493,Vance413,Boyle917,,,M,white,nonhispanic,M,Lyon  Auvergne-Rhone-Alpes  FR,836 Crooks Vale Unit 47,Duxbury,Massachusetts,Plymouth County,25023,2332,42.05277059090592,-70.73831925929302,188638.47,0.0,47704
3c134556-aa84-a3fc-a7a3-b896bbc07a15,1925-01-12,1986-10-30,999-69-3417,S99931181,X89861535X,Ms.,Rosalia943,Marcela739,Samaniego616,,,S,white,hispanic,F,Mexico City  Mexico City  MX,157 Hoeger Mill,Attleboro,Massachusetts,Bristol County,25005,2703,41.95154589016289,-71.32968867925426,393763.17,709223.36,139711
6251372e-9d5e-0c44-5e6a-bced2f710e5a,1928-02-06,,999-35-7168,S99929607,X53210572X,Mr.,Stanton715,,Heidenreich818,,,M,white,nonhispanic,M,Swansea  Massachusetts  US,712 Blanda Boulevard,Dartmouth,Massachusetts,Bristol County,,0,41.54969074485468,-70.92834398168867,16950.94,505217.62,9675
64d6d952-a034-7bd7-d676-708beeda0230,1967-04-29,,999-22-8290,S99944565,X34202397X,Mr.,Sang383,Morgan564,Kub800,,,M,white,nonhispanic,M,Methuen  Massachusetts  US,258 Turcotte Center,Weweantic,Massachusetts,Plymouth County,,0,41.773943349003694,-70.74387085536934,163478.57,601046.25,143849
2e594eb4-e3aa-e6ae-6f23-92ef1fd3f78f,1939-05-13,,999-88-4704,S99923130,X34861193X,Mr.,Dana512,Kerry175,Wyman904,,,D,white,hispanic,M,Northampton  Massachusetts  US,1022 Hilpert Parade,Lexington,Massachusetts,Middlesex County,25017,2421,42.393712499254164,-71.21749776182334,605594.09,1260296.9,64791
998a1d3f-e20d-a16a-7244-66b64e814c3f,1994-05-27,,999-75-9614,S99944008,X33220046X,Mrs.,Jada948,Geri861,Ward668,,Klocko335,M,asian,nonhispanic,F,Truro  Massachusetts  US,601 Frami Mall,Revere,Massachusetts,Suffolk County,25025,2151,42.401531164667084,-71.00048251549143,73129.14,54982.78,85717
c86164ae-38f2-f084-8728-f9206743033a,1957-04-15,,999-16-7799,S99933059,X35336888X,Ms.,Roselle682,Kate239,Hegmann834,,,S,white,nonhispanic,F,Newton  Massachusetts  US,244 Bins Orchard Unit 74,Boston,Massachusetts,Suffolk County,25017,2467,42.27501241375556,-71.07450819122022,347435.5,778672.89,465603
5e2a1873-64c7-9ffc-8288-3c9f7442ceb2,1968-05-11,,999-71-6282,S99973945,X25211545X,Mrs.,Marita360,Camila223,Ritchie586,,Haley279,M,white,nonhispanic,F,Billerica  Massachusetts  US,872 Windler Estate,Lynn,Massachusetts,Essex County,25009,1901,42.44833285436831,-70.94060487815487,314158.23,495874.16,128160
51ec3c3d-3a82-3d8a-d602-aadd5d6bf84e,1963-05-01,,999-91-6464,S99918823,X17263918X,Mr.,Diego848,Heriberto162,Cartwright189,,,M,white,nonhispanic,M,Lowell  Massachusetts  US,527 Gutkowski Avenue Suite 10,Newton,Massachusetts,Middlesex County,25017,2472,42.35324584304122,-71.23127588220673,249140.29,140536.03,486706
36ef55c8-a520-b921-ab5d-d4227d97c20e,1962-10-15,,999-79-7432,S99966024,X75177561X,Mr.,Tyrell880,Carmelo33,O'Keefe54,,,S,white,nonhispanic,M,Springfield  Massachusetts  US,643 Towne Bay Suite 15,Easton,Massachusetts,Bristol County,,0,42.007935373806184,-71.14307662269086,200481.34,93236.43,73403
5ecc39ee-2952-f652-e530-5de676c9b83f,1979-10-29,,999-71-1989,S99986009,X25641697X,Mr.,Felipe97,Dudley365,Schaefer657,,,M,white,nonhispanic,M,Webster  Massachusetts  US,206 Nader Lodge,Millbury,Massachusetts,Worcester County,,0,42.21414142524641,-71.81199998770099,141181.28,68772.9,136452
c6315f04-2d3e-2d7e-09a0-ada7a7670e63,1954-12-17,,999-42-2174,S99949651,X83134735X,Mr.,Floyd420,Eric487,Mitchell808,,,M,white,nonhispanic,M,Marshfield  Massachusetts  US,906 Batz Route Unit 1,Somerville,Massachusetts,Middlesex County,25017,2138,42.40950983747511,-71.13948298967762,471236.18,44871.42,101457
181f2a6d-e25b-e593-fff0-5b5d31c84bb8,1955-06-08,2021-05-08,999-91-7270,S99954474,X39692748X,Ms.,Shena75,Cuc113,Jenkins714,,,S,white,nonhispanic,F,Stoughton  Massachusetts  US,815 Mayer Bay Suite 9,Dracut,Massachusetts,Middlesex County,,0,42.64145661342706,-71.27949688372951,196264.99,2407493.25,55984
3d6008f0-c854-f880-c9ee-9d56eaa51819,1971-10-10,,999-10-3575,S99942702,X75455931X,Mr.,Sammy219,John539,Legros616,,,M,white,nonhispanic,M,Medford  Massachusetts  US,834 Prohaska Center Apt 5,Northborough,Massachusetts,Worcester County,25027,1532,42.27616248470206,-71.63481306449572,116636.01,29034.3,28333
cbba48a6-8fa8-e3b4-1b4d-3005d77e1c20,1961-04-12,,999-53-2057,S99947704,X2376172X,Mrs.,Lurline371,Harriet337,Marvin195,,Denesik803,D,other,nonhispanic,F,Brockton  Massachusetts  US,325 Beahan Ramp Apt 35,Plymouth,Massachusetts,Plymouth County,25023,2360,41.89957789687381,-70.65995787033168,395415.74,840.1,51662
e12aa25d-239a-c914-e0eb-73df40c0ee8c,1974-04-17,,999-30-1867,S99917618,X27814274X,Mr.,Brendon298,Isaias604,Larson43,,,M,white,nonhispanic,M,Springfield  Massachusetts  US,902 Rosenbaum Mill Unit 29,Leicester,Massachusetts,Worcester County,,0,42.23269507321257,-71.90913913852309,115797.11,277982.87,68344
349a3876-77e9-da7d-ef88-5ba2e44fc830,1961-10-10,,999-18-8617,S99969602,X60102671X,Mr.,Whitney250,Lloyd546,Krajcik437,,,M,asian,nonhispanic,M,Lynn  Massachusetts  US,304 Rau Burg Suite 94,Franklin,Massachusetts,Norfolk County,25021,2038,42.12942936433525,-71.45584377555443,175836.69,341973.66,136551
d1dba539-31c5-a889-4137-608ca90602c4,1962-01-20,,999-83-8600,S99927377,X73773853X,Mr.,Lyman173,Kris249,Jones311,,,S,other,nonhispanic,M,Millis-Clicquot  Massachusetts  US,409 Nader Junction Unit 91,Boston,Massachusetts,Suffolk County,25025,2163,42.36252418450942,-71.13421657044614,240923.76,118940.52,83173
6578ab99-1677-0ef0-1329-a2772279d711,1969-02-08,,999-80-2705,S99926158,X61564773X,Mr.,Cliff504,Nolan344,Monahan736,,,M,white,nonhispanic,M,Ipswich  Massachusetts  US,622 Gottlieb Trail,Arlington,Massachusetts,Middlesex County,25017,2476,42.44023822606764,-71.11704387270046,140093.19,46442.91,83098
8032caf5-0cda-7a71-f6eb-15f122dc6b4d,1970-09-01,,999-59-1229,S99996658,X74553383X,Mrs.,Tameka381,Valda518,Mohr916,,Leannon79,D,white,nonhispanic,F,Yarmouth  Massachusetts  US,165 Ritchie Parade,Boston,Massachusetts,Suffolk County,25025,2114,42.327847072848634,-71.16160699444025,273520.74,419530.44,125993
82ad2177-54f6-280e-0abd-d7a0ce488e5c,1948-08-28,,999-19-2733,S99987331,X51748072X,Mrs.,Bao544,Herma433,Stamm704,,Kreiger457,M,white,nonhispanic,F,Mansfield Center  Massachusetts  US,1082 Waters Ranch,Somerville,Massachusetts,Middlesex County,25017,2144,42.39691607093012,-71.09472974169121,29397.73,1345233.42,133962
eb801be9-d707-b81c-921c-c35c330e0d63,1942-01-28,2024-11-18,999-36-6393,S99928939,X21779220X,Mr.,Santiago500,,Feil794,,,S,white,nonhispanic,M,Oxford  Massachusetts  US,628 Block Glen,Deerfield,Massachusetts,Franklin County,25011,1342,42.51237139621796,-72.56655443433706,384392.25,856530.22,46091
cd079ce1-5fc4-9ba7-4c69-77de02f4dd07,1983-11-22,,999-43-9986,S99992895,X38959812X,Mrs.,Milly429,Elvie131,Schiller186,,MacGyver246,W,black,nonhispanic,F,Methuen  Massachusetts  US,867 Pfannerstill Annex Apt 23,Somerville,Massachusetts,Middlesex County,25017,2140,42.403175535083484,-71.14294533212725,318729.9,664234.41,70155
b704dd2c-af28-7486-f3e2-0ac033859349,1998-08-10,,999-79-1519,S99968854,X3459077X,Ms.,Breann988,Cicely661,Walter473,,,,white,nonhispanic,F,Billerica  Massachusetts  US,589 Zulauf View,Methuen,Massachusetts,Essex County,25009,1844,42.78785107382172,-71.18393437810379,148027.01,62274.76,144939
1442da17-599b-c7b7-5fe2-be5f3cbb5ae1,1959-09-05,,999-82-6038,S99950888,X59744446X,Mrs.,Carma664,Carlena776,Hane680,,McKenzie376,W,white,nonhispanic,F,Pembroke  Massachusetts  US,585 Lockman Overpass Unit 96,Sharon,Massachusetts,Norfolk County,25021,2067,42.151802284530284,-71.21671428766622,238120.11,257465.25,229480
935d16b7-5b29-e1ed-c9d0-4729a868deb1,1981-09-06,,999-41-9172,S99942508,X68055332X,Ms.,Timothy142,Helena807,Veum823,,,S,asian,nonhispanic,F,Everett  Massachusetts  US,344 Hyatt Ville Unit 47,Reading,Massachusetts,Middlesex County,25017,1801,42.53407495981116,-71.1244398689908,382571.21,644408.18,81686
c7c0fe4c-d183-27af-4c85-7658b4631e24,1980-03-25,,999-62-8909,S99991665,X21252933X,Mrs.,Caitlin552,Louanne686,Smitham825,,Stiedemann542,M,white,nonhispanic,F,Norwell  Massachusetts  US,476 Auer Lodge,Cambridge,Massachusetts,Middlesex County,25017,2139,42.32605525256325,-71.12896175120395,229975.36,267415.85,74021
ef653d51-3f43-fb7a-4a6e-9e1e2f1c6912,1937-04-26,,999-93-9903,S99920913,X56624553X,Mrs.,Annelle169,,O'Reilly797,,Welch179,D,white,nonhispanic,F,Chelmsford  Massachusetts  US,495 Kihn Trafficway Apt 36,Attleboro,Massachusetts,Bristol County,44007,2861,41.91898367536722,-71.2876218090522,46088.54,1903588.19,12588
a865437f-b46f-2ee5-2643-b98cd15a9dca,1971-10-12,,999-57-1207,S99922463,X86198667X,Mr.,Miles206,Adalberto916,Bruen238,,,S,white,hispanic,M,Pembroke  Massachusetts  US,934 Hoppe Ramp Apt 67,Lancaster,Massachusetts,Worcester County,,0,42.49747077089729,-71.72108267266913,10392.42,140102.03,14367
79427178-12a2-230e-30e9-8beba3a07aff,1969-05-06,,999-82-7803,S99930360,X36019043X,Ms.,Alisa860,Mika226,Kreiger457,,,S,white,nonhispanic,F,Newton  Massachusetts  US,1023 Boyle Bridge,Concord,Massachusetts,Middlesex County,,0,42.47419804662645,-71.3364118064853,358532.67,955995.71,478839
9129d4c0-bb9b-9f54-cad4-3d56b56c04b7,1980-04-15,,999-30-4366,S99989373,X84504893X,Ms.,Catherine271,Josefine519,Marks830,,,S,asian,nonhispanic,F,Shanghai  Shanghai Municipality  CN,136 Corkery Green,Gloucester,Massachusetts,Essex County,25009,1930,42.60717050977741,-70.64766721783846,320364.75,596929.1,123739
c498d94d-cbbf-f90e-9be3-d7f9a14fadf4,1972-05-14,,999-47-7262,S99933081,X65975226X,Mrs.,Latasha666,Emilia403,Cruickshank494,,Bergstrom287,M,white,nonhispanic,F,Weymouth  Massachusetts  US,723 Stiedemann Byway Unit 84,Peabody,Massachusetts,Essex County,25009,1940,42.54908040476885,-70.97244800784163,40541.7,216542.18,92551
bbe4d8d4-e203-367b-3195-b55313c161ab,1980-03-21,,999-31-5848,S99963757,X57189138X,Mrs.,Tamar361,Seema671,Auer97,,Ernser583,M,white,nonhispanic,F,Boston  Massachusetts  US,276 O'Hara Fork,Andover,Massachusetts,Essex County,25009,1810,42.680464976327315,-71.15364792382154,310777.9,348528.94,37612
225fb923-b323-c471-639a-073a5838705f,1953-01-15,,999-45-5752,S99989075,X5623886X,Mrs.,Ana972,Claudia969,Delatorre612,,Camarillo982,D,white,hispanic,F,Kingston  Kingston  JM,808 Okuneva Terrace Apt 33,Springfield,Massachusetts,Hampden County,25013,1118,42.08655991549483,-72.54306239725332,1014524.13,153334.16,68873
b6315c6d-a978-1bd6-113c-a1110703e477,1966-11-24,2020-03-29,999-36-2154,S99919378,X72180784X,Mrs.,Alyse240,,Krajcik437,,Carroll471,M,white,nonhispanic,F,North Attleborough  Massachusetts  US,714 Welch Gardens,Barnstable,Massachusetts,Barnstable County,25001,2673,41.59715210635988,-70.26595539805997,238331.09,580878.68,181668
e683fcbb-21e7-6f44-9e89-c4544b1ab381,1966-05-13,,999-47-8826,S99929717,X58519593X,Mrs.,Kyla51,Melodie819,Kertzmann286,,Okuneva707,W,white,nonhispanic,F,Billerica  Massachusetts  US,799 Donnelly Alley,Hinsdale,Massachusetts,Berkshire County,,0,42.43124047664979,-73.08855960609772,1096778.46,122224.87,63871
25132edf-f1d5-edfc-7695-890d174f2ceb,1975-11-19,,999-92-5050,S99933847,X48218260X,Mr.,Patrick786,Booker670,Lind531,,,M,white,nonhispanic,M,Walpole  Massachusetts  US,635 Connelly Lodge Suite 54,Dennis,Massachusetts,Barnstable County,25001,2638,41.71630497297802,-70.21100363750439,296649.63,0.0,58108
87c8dfc3-d8bb-4124-dce8-96e7301e888d,1971-10-19,,999-78-7954,S99934862,X72087388X,Mrs.,Jaimie425,,Nitzsche158,,Swift555,M,white,nonhispanic,F,Blackstone  Massachusetts  US,311 Durgan Bridge,Uxbridge,Massachusetts,Worcester County,,0,42.060570787062765,-71.59480034876853,500702.1,187946.41,111551
